Create Table Articulo(ID Integer NOT NULL AUTO_INCREMENT, Articulo Varchar (50),Codigo Varchar (50),ID_Categoria Integer , precio float,PRIMARY KEY (ID));INSERT INTO Articulo  (ID,Articulo,Codigo,ID_Categoria,precio) VALUES (1,'lapiceros de colores','lap12',1,1.2);INSERT INTO Articulo  (ID,Articulo,Codigo,ID_Categoria,precio) VALUES (2,'lapiceros de color','lap12',1,1.2);INSERT INTO Articulo  (ID,Articulo,Codigo,ID_Categoria,precio) VALUES (3,'lapiceros de color','lap12',6,1.22);INSERT INTO Articulo  (ID,Articulo,Codigo,ID_Categoria,precio) VALUES (5,'basurafff','bas',5,1.2);INSERT INTO Articulo  (ID,Articulo,Codigo,ID_Categoria,precio) VALUES (6,'lapicero','lap12',6,1.22);Create Table Categoria(ID Integer NOT NULL AUTO_INCREMENT, Categoria Varchar (50),PRIMARY KEY (ID));INSERT INTO Categoria  (ID,Categoria) VALUES (1,'Equitación');INSERT INTO Categoria  (ID,Categoria) VALUES (2,'natación');INSERT INTO Categoria  (ID,Categoria) VALUES (6,'tenis');INSERT INTO Categoria  (ID,Categoria) VALUES (10,'pepe');INSERT INTO Categoria  (ID,Categoria) VALUES (5,'futbol');INSERT INTO Categoria  (ID,Categoria) VALUES (7,'futbol-americano');Create Table Cliente(DNI Varchar (50),Nombre Varchar (50),Apellidos Varchar (50),Direccion Varchar (50),ID Integer NOT NULL AUTO_INCREMENT, PRIMARY KEY (ID));INSERT INTO Cliente  (DNI,Nombre,Apellidos,Direccion,ID) VALUES ('12312312','cliente 1','mi cliente ','calle del embarcadero',1);INSERT INTO Cliente  (DNI,Nombre,Apellidos,Direccion,ID) VALUES ('12345678','cliente 2','mi cliente 2','calle del rio',2);Create Table Venta(ID Integer NOT NULL AUTO_INCREMENT, Fecha Varchar (50),ID_Personal Integer , ID_Cliente Integer , Precio float,PRIMARY KEY (ID));INSERT INTO Venta  (ID,Fecha,ID_Personal,ID_Cliente,Precio) VALUES (1,'2010-3-11',1,1,22.3);INSERT INTO Venta  (ID,Fecha,ID_Personal,ID_Cliente,Precio) VALUES (2,'2010-3-11',2,2,22.37);INSERT INTO Venta  (ID,Fecha,ID_Personal,ID_Cliente,Precio) VALUES (4,'2010-3-11',1,2,374.16);Create Table LineaVenta(ID Integer NOT NULL AUTO_INCREMENT, ID_Venta Integer , ID_Articulo Integer , Precio float,Descuento float,Cantidad Integer,Impuesto float,PRIMARY KEY (ID));INSERT INTO LineaVenta  (ID,ID_Venta,ID_Articulo,Precio,Descuento,Cantidad,Impuesto) VALUES (1,1,1,11.0,0.0,'2',16.0);INSERT INTO LineaVenta  (ID,ID_Venta,ID_Articulo,Precio,Descuento,Cantidad,Impuesto) VALUES (2,1,1,11.0,0.0,'2',16.0);INSERT INTO LineaVenta  (ID,ID_Venta,ID_Articulo,Precio,Descuento,Cantidad,Impuesto) VALUES (5,1,1,11.0,0.0,'1',16.0);INSERT INTO LineaVenta  (ID,ID_Venta,ID_Articulo,Precio,Descuento,Cantidad,Impuesto) VALUES (6,1,1,11.0,0.0,'2',16.0);INSERT INTO LineaVenta  (ID,ID_Venta,ID_Articulo,Precio,Descuento,Cantidad,Impuesto) VALUES (12,-1,2,12.0,0.0,'1',16.0);INSERT INTO LineaVenta  (ID,ID_Venta,ID_Articulo,Precio,Descuento,Cantidad,Impuesto) VALUES (11,4,6,1.0,0.0,'1',16.0);INSERT INTO LineaVenta  (ID,ID_Venta,ID_Articulo,Precio,Descuento,Cantidad,Impuesto) VALUES (13,4,5,100.0,50.0,'2',16.0);INSERT INTO LineaVenta  (ID,ID_Venta,ID_Articulo,Precio,Descuento,Cantidad,Impuesto) VALUES (18,4,5,100.0,80.0,'25',16.0);INSERT INTO LineaVenta  (ID,ID_Venta,ID_Articulo,Precio,Descuento,Cantidad,Impuesto) VALUES (19,4,5,100.0,50.0,'2',16.0);INSERT INTO LineaVenta  (ID,ID_Venta,ID_Articulo,Precio,Descuento,Cantidad,Impuesto) VALUES (22,4,5,100.0,50.0,'2',16.0);Create Table Personal(ID Integer NOT NULL AUTO_INCREMENT, Nombre Varchar (50),Apellidos Varchar (50),Direccion Varchar (50),DNI Varchar (50),PRIMARY KEY (ID));INSERT INTO Personal  (ID,Nombre,Apellidos,Direccion,DNI) VALUES (1,'jorge','veamurguia','c/lepanto','12312312');INSERT INTO Personal  (ID,Nombre,Apellidos,Direccion,DNI) VALUES (2,'xxx','veamurguia','c/lepanto','12312344');